{
	"character_sonic_snowboarding_0x01":  { "File": "fuzz.png",  "Center": "15,19" },
	"character_sonic_snowboarding_0x02":  { "File": "fuzz.png",  "Center": "15,19" },
	"character_sonic_snowboarding_0x03":  { "File": "fuzz.png",  "Center": "15,19" },
	"character_sonic_snowboarding_0x04":  { "File": "fuzz.png",  "Center": "15,19" },
	"character_sonic_snowboarding_0x05":  { "File": "fuzz.png",  "Center": "15,19" },
	"character_sonic_snowboarding_0x06":  { "File": "fuzz.png",  "Center": "15,19" },
	"character_sonic_snowboarding_0x07":  { "File": "fuzz.png",  "Center": "15,19" },
	"character_sonic_snowboarding_0x08":  { "File": "fuzz.png",  "Center": "15,19" },
	"character_sonic_snowboarding_0x09":  { "File": "fuzz.png",  "Center": "15,19" },
	"character_sonic_snowboarding_0x0a":  { "File": "fuzz.png",  "Center": "15,19" },
	"character_sonic_snowboarding_0x0b":  { "File": "fuzz.png",  "Center": "15,19" },
	"character_sonic_snowboarding_0x0c":  { "File": "fuzz.png",  "Center": "15,19" }
}
