{
	"character_sonic_0x01":  { "File": "fuzz.png",  "Center": "15,19" },
	"character_sonic_0x02":  { "File": "fuzz.png",  "Center": "15,19" },
	"character_sonic_0x03":  { "File": "fuzz.png",  "Center": "15,19" },
	"character_sonic_0x04":  { "File": "fuzz.png",  "Center": "15,19" },
	"character_sonic_0x05":  { "File": "fuzz.png",  "Center": "15,19" },
	"character_sonic_0x06":  { "File": "fuzz.png",  "Center": "15,19" },
	"character_sonic_0x07":  { "File": "fuzz.png",  "Center": "15,19" },
	"character_sonic_0x08":  { "File": "fuzz.png",  "Center": "15,19" },
	"character_sonic_0x09":  { "File": "fuzz.png",  "Center": "15,19" },
	"character_sonic_0x0a":  { "File": "fuzz.png",  "Center": "15,19" },
	"character_sonic_0x0b":  { "File": "fuzz.png",  "Center": "15,19" },
	"character_sonic_0x0c":  { "File": "fuzz.png",  "Center": "15,19" },
	"character_sonic_0x0d":  { "File": "fuzz.png",  "Center": "15,19" },
	"character_sonic_0x0e":  { "File": "fuzz.png",  "Center": "15,19" },
	"character_sonic_0x0f":  { "File": "fuzz.png",  "Center": "15,19" },
	"character_sonic_0x10":  { "File": "fuzz.png",  "Center": "15,19" },
	"character_sonic_0x11":  { "File": "fuzz.png",  "Center": "15,19" },
	"character_sonic_0x12":  { "File": "fuzz.png",  "Center": "15,19" },
	"character_sonic_0x13":  { "File": "fuzz.png",  "Center": "15,19" },
	"character_sonic_0x14":  { "File": "fuzz.png",  "Center": "15,19" },
	"character_sonic_0x15":  { "File": "fuzz.png",  "Center": "15,19" },
	"character_sonic_0x16":  { "File": "fuzz.png",  "Center": "15,19" },
	"character_sonic_0x17":  { "File": "fuzz.png",  "Center": "15,19" },
	"character_sonic_0x18":  { "File": "fuzz.png",  "Center": "15,19" },
	"character_sonic_0x19":  { "File": "fuzz.png",  "Center": "15,19" },
	"character_sonic_0x1a":  { "File": "fuzz.png",  "Center": "15,19" },
	"character_sonic_0x1b":  { "File": "fuzz.png",  "Center": "15,19" },
	"character_sonic_0x1c":  { "File": "fuzz.png",  "Center": "15,19" },
	"character_sonic_0x1d":  { "File": "fuzz.png",  "Center": "15,19" },
	"character_sonic_0x1e":  { "File": "fuzz.png",  "Center": "15,19" },
	"character_sonic_0x1f":  { "File": "fuzz.png",  "Center": "15,19" },
	"character_sonic_0x20":  { "File": "fuzz.png",  "Center": "15,19" },
	"character_sonic_0x21":  { "File": "fuzz.png",  "Center": "15,19" },
	"character_sonic_0x22":  { "File": "fuzz.png",  "Center": "15,19" },
	"character_sonic_0x23":  { "File": "fuzz.png",  "Center": "15,19" },
	"character_sonic_0x24":  { "File": "fuzz.png",  "Center": "15,19" },
	"character_sonic_0x25":  { "File": "fuzz.png",  "Center": "15,19" },
	"character_sonic_0x26":  { "File": "fuzz.png",  "Center": "15,19" },
	"character_sonic_0x27":  { "File": "fuzz.png",  "Center": "15,19" },
	"character_sonic_0x28":  { "File": "fuzz.png",  "Center": "15,19" },
	"character_sonic_0x29":  { "File": "fuzz.png",  "Center": "15,19" },
	"character_sonic_0x2a":  { "File": "fuzz.png",  "Center": "15,19" },
	"character_sonic_0x2b":  { "File": "fuzz.png",  "Center": "15,19" },
	"character_sonic_0x2c":  { "File": "fuzz.png",  "Center": "15,19" },
	"character_sonic_0x2d":  { "File": "fuzz.png",  "Center": "15,19" },
	"character_sonic_0x2e":  { "File": "fuzz.png",  "Center": "15,19" },
	"character_sonic_0x2f":  { "File": "fuzz.png",  "Center": "15,19" },
	"character_sonic_0x30":  { "File": "fuzz.png",  "Center": "15,19" },
	"character_sonic_0x31":  { "File": "fuzz.png",  "Center": "15,19" },
	"character_sonic_0x32":  { "File": "fuzz.png",  "Center": "15,19" },
	"character_sonic_0x33":  { "File": "fuzz.png",  "Center": "15,19" },
	"character_sonic_0x34":  { "File": "fuzz.png",  "Center": "15,19" },
	"character_sonic_0x35":  { "File": "fuzz.png",  "Center": "15,19" },
	"character_sonic_0x36":  { "File": "fuzz.png",  "Center": "15,19" },
	"character_sonic_0x37":  { "File": "fuzz.png",  "Center": "15,19" },
	"character_sonic_0x38":  { "File": "fuzz.png",  "Center": "15,19" },
	"character_sonic_0x39":  { "File": "fuzz.png",  "Center": "15,19" },
	"character_sonic_0x3a":  { "File": "fuzz.png",  "Center": "15,19" },
	"character_sonic_0x3b":  { "File": "fuzz.png",  "Center": "15,19" },
	"character_sonic_0x3c":  { "File": "fuzz.png",  "Center": "15,19" },
	"character_sonic_0x3d":  { "File": "fuzz.png",  "Center": "15,19" },
	"character_sonic_0x3e":  { "File": "fuzz.png",  "Center": "15,19" },
	"character_sonic_0x3f":  { "File": "fuzz.png",  "Center": "15,19" },
	"character_sonic_0x40":  { "File": "fuzz.png",  "Center": "15,19" },
	"character_sonic_0x41":  { "File": "fuzz.png",  "Center": "15,19" },
	"character_sonic_0x42":  { "File": "fuzz.png",  "Center": "15,19" },
	"character_sonic_0x43":  { "File": "fuzz.png",  "Center": "15,19" },
	"character_sonic_0x44":  { "File": "fuzz.png",  "Center": "15,19" },
	"character_sonic_0x45":  { "File": "fuzz.png",  "Center": "15,19" },
	"character_sonic_0x46":  { "File": "fuzz.png",  "Center": "15,19" },
	"character_sonic_0x47":  { "File": "fuzz.png",  "Center": "15,19" },
	"character_sonic_0x48":  { "File": "fuzz.png",  "Center": "15,19" },
	"character_sonic_0x49":  { "File": "fuzz.png",  "Center": "15,19" },
	"character_sonic_0x4a":  { "File": "fuzz.png",  "Center": "15,19" },
	"character_sonic_0x4b":  { "File": "fuzz.png",  "Center": "15,19" },
	"character_sonic_0x4c":  { "File": "fuzz.png",  "Center": "15,19" },
	"character_sonic_0x4d":  { "File": "fuzz.png",  "Center": "15,19" },
	"character_sonic_0x4e":  { "File": "fuzz.png",  "Center": "15,19" },
	"character_sonic_0x4f":  { "File": "fuzz.png",  "Center": "15,19" },
	"character_sonic_0x50":  { "File": "fuzz.png",  "Center": "15,19" },
	"character_sonic_0x51":  { "File": "fuzz.png",  "Center": "15,19" },
	"character_sonic_0x52":  { "File": "fuzz.png",  "Center": "15,19" },
	"character_sonic_0x53":  { "File": "fuzz.png",  "Center": "15,19" },
	"character_sonic_0x54":  { "File": "fuzz.png",  "Center": "15,19" },
	"character_sonic_0x55":  { "File": "fuzz.png",  "Center": "15,19" },
	"character_sonic_0x56":  { "File": "fuzz.png",  "Center": "15,19" },
	"character_sonic_0x57":  { "File": "fuzz.png",  "Center": "15,19" },
	"character_sonic_0x58":  { "File": "fuzz.png",  "Center": "15,19" },
	"character_sonic_0x59":  { "File": "fuzz.png",  "Center": "15,19" },
	"character_sonic_0x5a":  { "File": "fuzz.png",  "Center": "15,19" },
	"character_sonic_0x5b":  { "File": "fuzz.png",  "Center": "15,19" },
	"character_sonic_0x5c":  { "File": "fuzz.png",  "Center": "15,19" },
	"character_sonic_0x5d":  { "File": "fuzz.png",  "Center": "15,19" },
	"character_sonic_0x5e":  { "File": "fuzz.png",  "Center": "15,19" },
	"character_sonic_0x5f":  { "File": "fuzz.png",  "Center": "15,19" },
	"character_sonic_0x60":  { "File": "fuzz.png",  "Center": "15,19" },
	"character_sonic_0x61":  { "File": "fuzz.png",  "Center": "15,19" },
	"character_sonic_0x62":  { "File": "fuzz.png",  "Center": "15,19" },
	"character_sonic_0x63":  { "File": "fuzz.png",  "Center": "15,19" },
	"character_sonic_0x64":  { "File": "fuzz.png",  "Center": "15,19" },
	"character_sonic_0x65":  { "File": "fuzz.png",  "Center": "15,19" },
	"character_sonic_0x66":  { "File": "fuzz.png",  "Center": "15,19" },
	"character_sonic_0x67":  { "File": "fuzz.png",  "Center": "15,19" },
	"character_sonic_0x68":  { "File": "fuzz.png",  "Center": "15,19" },
	"character_sonic_0x69":  { "File": "fuzz.png",  "Center": "15,19" },
	"character_sonic_0x6a":  { "File": "fuzz.png",  "Center": "15,19" },
	"character_sonic_0x6b":  { "File": "fuzz.png",  "Center": "15,19" },
	"character_sonic_0x6c":  { "File": "fuzz.png",  "Center": "15,19" },
	"character_sonic_0x6d":  { "File": "fuzz.png",  "Center": "15,19" },
	"character_sonic_0x6e":  { "File": "fuzz.png",  "Center": "15,19" },
	"character_sonic_0x6f":  { "File": "fuzz.png",  "Center": "15,19" },
	"character_sonic_0x70":  { "File": "fuzz.png",  "Center": "15,19" },
	"character_sonic_0x71":  { "File": "fuzz.png",  "Center": "15,19" },
	"character_sonic_0x72":  { "File": "fuzz.png",  "Center": "15,19" },
	"character_sonic_0x73":  { "File": "fuzz.png",  "Center": "15,19" },
	"character_sonic_0x74":  { "File": "fuzz.png",  "Center": "15,19" },
	"character_sonic_0x75":  { "File": "fuzz.png",  "Center": "15,19" },
	"character_sonic_0x76":  { "File": "fuzz.png",  "Center": "15,19" },
	"character_sonic_0x77":  { "File": "fuzz.png",  "Center": "15,19" },
	"character_sonic_0x78":  { "File": "fuzz.png",  "Center": "15,19" },
	"character_sonic_0x79":  { "File": "fuzz.png",  "Center": "15,19" },
	"character_sonic_0x7a":  { "File": "fuzz.png",  "Center": "15,19" },
	"character_sonic_0x7b":  { "File": "fuzz.png",  "Center": "15,19" },
	"character_sonic_0x7c":  { "File": "fuzz.png",  "Center": "15,19" },
	"character_sonic_0x7d":  { "File": "fuzz.png",  "Center": "15,19" },
	"character_sonic_0x7e":  { "File": "fuzz.png",  "Center": "15,19" },
	"character_sonic_0x7f":  { "File": "fuzz.png",  "Center": "15,19" },
	"character_sonic_0x80":  { "File": "fuzz.png",  "Center": "15,19" },
	"character_sonic_0x81":  { "File": "fuzz.png",  "Center": "15,19" },
	"character_sonic_0x82":  { "File": "fuzz.png",  "Center": "15,19" },
	"character_sonic_0x83":  { "File": "fuzz.png",  "Center": "15,19" },
	"character_sonic_0x84":  { "File": "fuzz.png",  "Center": "15,19" },
	"character_sonic_0x85":  { "File": "fuzz.png",  "Center": "15,19" },
	"character_sonic_0x86":  { "File": "fuzz.png",  "Center": "15,19" },
	"character_sonic_0x87":  { "File": "fuzz.png",  "Center": "15,19" },
	"character_sonic_0x88":  { "File": "fuzz.png",  "Center": "15,19" },
	"character_sonic_0x89":  { "File": "fuzz.png",  "Center": "15,19" },
	"character_sonic_0x8a":  { "File": "fuzz.png",  "Center": "15,19" },
	"character_sonic_0x8b":  { "File": "fuzz.png",  "Center": "15,19" },
	"character_sonic_0x8c":  { "File": "fuzz.png",  "Center": "15,19" },
	"character_sonic_0x8d":  { "File": "fuzz.png",  "Center": "15,19" },
	"character_sonic_0x8e":  { "File": "fuzz.png",  "Center": "15,19" },
	"character_sonic_0x8f":  { "File": "fuzz.png",  "Center": "15,19" },
	"character_sonic_0x90":  { "File": "fuzz.png",  "Center": "15,19" },
	"character_sonic_0x91":  { "File": "fuzz.png",  "Center": "15,19" },
	"character_sonic_0x92":  { "File": "fuzz.png",  "Center": "15,19" },
	"character_sonic_0x93":  { "File": "fuzz.png",  "Center": "15,19" },
	"character_sonic_0x94":  { "File": "fuzz.png",  "Center": "15,19" },
	"character_sonic_0x95":  { "File": "fuzz.png",  "Center": "15,19" },
	"character_sonic_0x96":  { "File": "fuzz.png",  "Center": "15,19" },
	"character_sonic_0x97":  { "File": "fuzz.png",  "Center": "15,19" },
	"character_sonic_0x98":  { "File": "fuzz.png",  "Center": "15,19" },
	"character_sonic_0x99":  { "File": "fuzz.png",  "Center": "15,19" },
	"character_sonic_0x9a":  { "File": "fuzz.png",  "Center": "15,19" },
	"character_sonic_0x9b":  { "File": "fuzz.png",  "Center": "15,19" },
	"character_sonic_0x9c":  { "File": "fuzz.png",  "Center": "15,19" },
	"character_sonic_0x9d":  { "File": "fuzz.png",  "Center": "15,19" },
	"character_sonic_0x9e":  { "File": "fuzz.png",  "Center": "15,19" },
	"character_sonic_0x9f":  { "File": "fuzz.png",  "Center": "15,19" },
	"character_sonic_0xa0":  { "File": "fuzz.png",  "Center": "15,19" },
	"character_sonic_0xa1":  { "File": "fuzz.png",  "Center": "15,19" },
	"character_sonic_0xa2":  { "File": "fuzz.png",  "Center": "15,19" },
	"character_sonic_0xa3":  { "File": "fuzz.png",  "Center": "15,19" },
	"character_sonic_0xa4":  { "File": "fuzz.png",  "Center": "15,19" },
	"character_sonic_0xa5":  { "File": "fuzz.png",  "Center": "15,19" },
	"character_sonic_0xa6":  { "File": "fuzz.png",  "Center": "15,19" },
	"character_sonic_0xa7":  { "File": "fuzz.png",  "Center": "15,19" },
	"character_sonic_0xa8":  { "File": "fuzz.png",  "Center": "15,19" },
	"character_sonic_0xa9":  { "File": "fuzz.png",  "Center": "15,19" },
	"character_sonic_0xaa":  { "File": "fuzz.png",  "Center": "15,19" },
	"character_sonic_0xab":  { "File": "fuzz.png",  "Center": "15,19" },
	"character_sonic_0xac":  { "File": "fuzz.png",  "Center": "15,19" },
	"character_sonic_0xad":  { "File": "fuzz.png",  "Center": "15,19" },
	"character_sonic_0xae":  { "File": "fuzz.png",  "Center": "15,19" },
	"character_sonic_0xaf":  { "File": "fuzz.png",  "Center": "15,19" },
	"character_sonic_0xb0":  { "File": "fuzz.png",  "Center": "15,19" },
	"character_sonic_0xb1":  { "File": "fuzz.png",  "Center": "15,19" },
	"character_sonic_0xb2":  { "File": "fuzz.png",  "Center": "15,19" },
	"character_sonic_0xb3":  { "File": "fuzz.png",  "Center": "15,19" },
	"character_sonic_0xb4":  { "File": "fuzz.png",  "Center": "15,19" },
	"character_sonic_0xb5":  { "File": "fuzz.png",  "Center": "15,19" },
	"character_sonic_0xb6":  { "File": "fuzz.png",  "Center": "15,19" },
	"character_sonic_0xb7":  { "File": "fuzz.png",  "Center": "15,19" },
	"character_sonic_0xb8":  { "File": "fuzz.png",  "Center": "15,19" },
	"character_sonic_0xb9":  { "File": "fuzz.png",  "Center": "15,19" },
	"character_sonic_0xba":  { "File": "fuzz.png",  "Center": "15,19" },
	"character_sonic_0xbb":  { "File": "fuzz.png",  "Center": "15,19" },
	"character_sonic_0xbc":  { "File": "fuzz.png",  "Center": "15,19" },
	"character_sonic_0xbd":  { "File": "fuzz.png",  "Center": "15,19" },
	"character_sonic_0xbe":  { "File": "fuzz.png",  "Center": "15,19" },
	"character_sonic_0xbf":  { "File": "fuzz.png",  "Center": "15,19" },
	"character_sonic_0xc0":  { "File": "fuzz.png",  "Center": "15,19" },
	"character_sonic_0xc1":  { "File": "fuzz.png",  "Center": "15,19" },
	"character_sonic_0xc2":  { "File": "fuzz.png",  "Center": "15,19" },
	"character_sonic_0xc3":  { "File": "fuzz.png",  "Center": "15,19" },
	"character_sonic_0xc4":  { "File": "fuzz.png",  "Center": "15,19" },
	"character_sonic_0xc5":  { "File": "fuzz.png",  "Center": "15,19" },
	"character_sonic_0xc6":  { "File": "fuzz.png",  "Center": "15,19" },
	"character_sonic_0xc7":  { "File": "fuzz.png",  "Center": "15,19" },
	"character_sonic_0xc8":  { "File": "fuzz.png",  "Center": "15,19" },
	"character_sonic_0xc9":  { "File": "fuzz.png",  "Center": "15,19" },
	"character_sonic_0xca":  { "File": "fuzz.png",  "Center": "15,19" },
	"character_sonic_0xcb":  { "File": "fuzz.png",  "Center": "15,19" },
	"character_sonic_0xcc":  { "File": "fuzz.png",  "Center": "15,19" },
	"character_sonic_0xcd":  { "File": "fuzz.png",  "Center": "15,19" },
	"character_sonic_0xce":  { "File": "fuzz.png",  "Center": "15,19" },
	"character_sonic_0xcf":  { "File": "fuzz.png",  "Center": "15,19" },
	"character_sonic_0xd0":  { "File": "fuzz.png",  "Center": "15,19" },
	"character_sonic_0xd1":  { "File": "fuzz.png",  "Center": "15,19" },
	"character_sonic_0xd2":  { "File": "fuzz.png",  "Center": "15,19" },
	"character_sonic_0xd3":  { "File": "fuzz.png",  "Center": "15,19" },
	"character_sonic_0xd4":  { "File": "fuzz.png",  "Center": "15,19" },
	"character_sonic_0xd5":  { "File": "fuzz.png",  "Center": "15,19" },
	"character_sonic_0xd6":  { "File": "fuzz.png",  "Center": "15,19" },
	"character_sonic_0xd7":  { "File": "fuzz.png",  "Center": "15,19" },
	"character_sonic_0xd8":  { "File": "fuzz.png",  "Center": "15,19" },
	"character_sonic_0xd9":  { "File": "fuzz.png",  "Center": "15,19" },
	"character_sonic_0xda":  { "File": "fuzz.png",  "Center": "15,19" },
	"character_sonic_0xdb":  { "File": "fuzz.png",  "Center": "15,19" },
	"character_sonic_0xdc":  { "File": "fuzz.png",  "Center": "15,19" },
	"character_sonic_0xdd":  { "File": "fuzz.png",  "Center": "15,19" },
	"character_sonic_0xde":  { "File": "fuzz.png",  "Center": "15,19" },
	"character_sonic_0xdf":  { "File": "fuzz.png",  "Center": "15,19" },
	"character_sonic_0xe0":  { "File": "fuzz.png",  "Center": "15,19" },
	"character_sonic_0xe1":  { "File": "fuzz.png",  "Center": "15,19" },
	"character_sonic_0xe2":  { "File": "fuzz.png",  "Center": "15,19" },
	"character_sonic_0xe3":  { "File": "fuzz.png",  "Center": "15,19" },
	"character_sonic_0xe4":  { "File": "fuzz.png",  "Center": "15,19" },
	"character_sonic_0xe5":  { "File": "fuzz.png",  "Center": "15,19" },
	"character_sonic_0xe6":  { "File": "fuzz.png",  "Center": "15,19" },
	"character_sonic_0xe7":  { "File": "fuzz.png",  "Center": "15,19" },
	"character_sonic_0xe8":  { "File": "fuzz.png",  "Center": "15,19" },
	"character_sonic_0xe9":  { "File": "fuzz.png",  "Center": "15,19" },
	"character_sonic_0xea":  { "File": "fuzz.png",  "Center": "15,19" },
	"character_sonic_0xeb":  { "File": "fuzz.png",  "Center": "15,19" },
	"character_sonic_0xec":  { "File": "fuzz.png",  "Center": "15,19" },
	"character_sonic_0xed":  { "File": "fuzz.png",  "Center": "15,19" },
	"character_sonic_0xee":  { "File": "fuzz.png",  "Center": "15,19" },
	"character_sonic_0xef":  { "File": "fuzz.png",  "Center": "15,19" },
	"character_sonic_0xf0":  { "File": "fuzz.png",  "Center": "15,19" },
	"character_sonic_0xf1":  { "File": "fuzz.png",  "Center": "15,19" },
	"character_sonic_0xf2":  { "File": "fuzz.png",  "Center": "15,19" },
	"character_sonic_0xf3":  { "File": "fuzz.png",  "Center": "15,19" },
	"character_sonic_0xf4":  { "File": "fuzz.png",  "Center": "15,19" },
	"character_sonic_0xf5":  { "File": "fuzz.png",  "Center": "15,19" },
	"character_sonic_0xf6":  { "File": "fuzz.png",  "Center": "15,19" },
	"character_sonic_0xf7":  { "File": "fuzz.png",  "Center": "15,19" },
	"character_sonic_0xf8":  { "File": "fuzz.png",  "Center": "15,19" },
	"character_sonic_0xf9":  { "File": "fuzz.png",  "Center": "15,19" },
	"character_sonic_0xfa":  { "File": "fuzz.png",  "Center": "15,19" }
}